Change ID,Category,Component/File,Description,Problem Solved,Technical Details,Impact,Session Phase
1,Documentation,CLAUDE.md,Created comprehensive project documentation for future Claude Code instances,Need for AI assistant guidance,Added development commands architecture overview and component structure,Improved developer onboarding and AI assistance efficiency,Initial Analysis
2,Bug Fix,App.js,Fixed infinite loop in user profile creation,Users getting "Profile not ready yet" error repeatedly,Removed password field from database insert (line 60),Users can now successfully create profiles and log moods,Profile Creation Fix
3,Database Schema,database-schema-update.sql,Created SQL migration script for missing database fields,Database schema incomplete for new features,Added status color streak fields and RLS policies,Database supports all application features properly,Database Updates
4,Enhancement,Feed.js,Implemented friends-only privacy for mood feed,Feed showed everyone's moods (privacy issue),Added friend relationship filtering to mood queries,Users only see moods from accepted friends (privacy protected),Privacy Implementation
5,Bug Fix,Friends.js,Fixed bidirectional friend request system,Friend requests only worked one-way,Updated addFriend to create records for both users with sent/received statuses,Proper two-way friend request flow with accept/decline options,Friend System Fix
6,Enhancement,Friends.js,Added proper friend request status management,No clear distinction between sent and received requests,Implemented sent/received/accepted/declined/blocked status flow,Users see appropriate actions based on request direction,Friend UX Enhancement
7,Bug Fix,MoodLogger.js,Fixed streak counter date handling and timezone issues,Streak calculations failed across different timezones,Implemented UTC date normalization and proper day comparison logic,Accurate streak tracking regardless of user timezone,Streak Logic Fix
8,New Feature,contexts/ToastContext.js,Created toast notification system context,Ugly JavaScript alerts provided poor user experience,Built React context with success/error/warning/info toast types,Modern professional notifications with auto-dismiss,Toast System Foundation
9,New Feature,components/Toast.js,Built individual toast notification component,Need for styled notification UI components,Created animated toast with icons colors and manual dismiss,Beautiful slide-in notifications with visual feedback,Toast Component
10,New Feature,components/ToastContainer.js,Created toast container for managing multiple notifications,Need for positioning and stacking multiple toasts,Built fixed-position container with proper z-index and spacing,Multiple notifications display properly in top-right corner,Toast Container
11,Integration,App.js,Integrated toast system into main application,Need to provide toast context throughout app,Wrapped app with ToastProvider and added ToastContainer,Toast notifications available in all components,Toast Integration
12,Enhancement,SignUpPage.js,Replaced JavaScript alerts with toast notifications,Poor UX with blocking browser alerts,Converted 3 alert() calls to appropriate toast.error() and toast.success(),Better user feedback during account creation,Toast Conversion - SignUp
13,Enhancement,LoginPage.js,Replaced JavaScript alerts with toast notifications,Poor UX with blocking browser alerts,Converted 1 alert() call to toast.error(),Better user feedback during login process,Toast Conversion - Login
14,Enhancement,History.js,Replaced JavaScript alerts with toast notifications,Poor UX with blocking browser alerts,Converted 2 alert() calls to toast.error() for database operations,Better user feedback during mood editing/deletion,Toast Conversion - History
15,Enhancement,Auth.js,Replaced JavaScript alerts with toast notifications,Poor UX with blocking browser alerts,Converted 6 alert() calls to appropriate toast types,Better user feedback during authentication flows,Toast Conversion - Auth
16,Enhancement,Friends.js,Replaced JavaScript alerts with toast notifications,Poor UX with blocking browser alerts,Converted 8 alert() calls to success/error/warning toast types,Better user feedback during friend management,Toast Conversion - Friends
17,Enhancement,MoodLogger.js,Replaced JavaScript alerts with toast notifications,Poor UX with blocking browser alerts,Converted 4 alert() calls to appropriate toast types,Better user feedback during mood logging,Toast Conversion - MoodLogger
18,New Feature,MoodLogger.js,Added today's mood display and update functionality,Users couldn't see or update their daily mood,Added fetchTodaysMood function state management and UI display,Users can see and update their mood throughout the day,Today's Mood Feature
19,Enhancement,MoodLogger.js,Implemented update vs insert logic for daily moods,Need to handle existing mood updates properly,Added conditional database operations based on existing mood,Seamless mood updates without creating duplicates,Mood Update Logic
20,Policy Change,MoodLogger.js,Enforced one-mood-per-day policy,Requirement to limit users to single daily mood,Removed update functionality and restored blocking behavior,Clear one-mood-per-day policy with proper user messaging,One-Mood Policy
21,Enhancement,MoodLogger.js,Enhanced today's mood display UI,Need for better visual presentation of logged mood,Created prominent centered display with larger emoji and better styling,Beautiful prominent display of user's daily mood,Mood Display Enhancement
22,Enhancement,Feed.js,Implemented today-only mood filtering,Feed showed historical moods from previous days,Added date range filtering to show only today's moods,Feed shows only relevant current-day moods from friends,Today-Only Feed Filter
23,Enhancement,Feed.js,Updated Feed UI for daily context,Need to clarify that feed shows today's moods only,Added "Today's Moods" header and updated empty state messaging,Clear indication that feed is daily-focused with encouraging messaging,Feed UI Enhancement